{"cameraMode":{"drawMode":0,"name":"Shaded","section":"Shading Mode"},"sceneLighting":false,"audioPlay":false,"sceneViewState":{"showFog":true,"showMaterialUpdate":true,"showSkybox":true,"showFlares":true,"showImageEffects":true,"showParticleSystems":true},"in2DMode":false,"pivot":{"x":-0.483428955078125,"y":3.1796875,"z":-2.173828125},"rotation":{"x":-0.4972812831401825,"y":0.010185145772993565,"z":-0.0062890429981052879,"w":-0.8675068020820618},"size":20.96745491027832,"orthographic":true}