{"cameraMode":{"drawMode":0,"name":"Shaded","section":"Shading Mode"},"sceneLighting":false,"audioPlay":false,"sceneViewState":{"showFog":false,"showMaterialUpdate":false,"showSkybox":false,"showFlares":false,"showImageEffects":false,"showParticleSystems":false},"in2DMode":false,"pivot":{"x":9.440308570861817,"y":0.3244514465332031,"z":3.18217134475708},"rotation":{"x":0.7034711837768555,"y":0.006393017712980509,"z":-0.006328295450657606,"w":0.7106668949127197},"size":89.58636474609375,"orthographic":false}