{"cameraMode":{"drawMode":0,"name":"Shaded","section":"Shading Mode"},"sceneLighting":false,"audioPlay":false,"sceneViewState":{"showFog":true,"showMaterialUpdate":true,"showSkybox":false,"showFlares":true,"showImageEffects":true,"showParticleSystems":true},"in2DMode":false,"pivot":{"x":0.5611543655395508,"y":0.0,"z":-1.211143970489502},"rotation":{"x":0.6636474132537842,"y":0.028035013005137445,"z":-0.024885084480047227,"w":0.7471056580543518},"size":26.179983139038087,"orthographic":false}