{"cameraMode":{"drawMode":0,"name":"Shaded","section":"Shading Mode"},"sceneLighting":false,"audioPlay":false,"sceneViewState":{"showFog":true,"showMaterialUpdate":true,"showSkybox":false,"showFlares":true,"showImageEffects":true,"showParticleSystems":true},"in2DMode":false,"pivot":{"x":0.5611543655395508,"y":-5.6999993324279789,"z":-2.239999771118164},"rotation":{"x":-0.14199772477149964,"y":-0.679602324962616,"z":0.13656684756278993,"w":-0.7066307067871094},"size":35.78226089477539,"orthographic":false}