{"cameraMode":{"drawMode":0,"name":"Shaded","section":"Shading Mode"},"sceneLighting":false,"audioPlay":false,"sceneViewState":{"showFog":true,"showMaterialUpdate":true,"showSkybox":true,"showFlares":true,"showImageEffects":true,"showParticleSystems":true},"in2DMode":false,"pivot":{"x":0.3804214298725128,"y":0.48926842212677,"z":5.885958671569824},"rotation":{"x":-0.5484287142753601,"y":-0.037096958607435229,"z":0.02389032579958439,"w":-0.8350324034690857},"size":6.193045616149902,"orthographic":false}