{"cameraMode":{"drawMode":0,"name":"Shaded","section":"Shading Mode"},"sceneLighting":false,"audioPlay":false,"sceneViewState":{"showFog":true,"showMaterialUpdate":true,"showSkybox":true,"showFlares":true,"showImageEffects":true,"showParticleSystems":true},"in2DMode":false,"pivot":{"x":2.3020615577697756,"y":0.5492187738418579,"z":1.0174612998962403},"rotation":{"x":-0.6309773325920105,"y":0.3332626521587372,"z":-0.3457931876182556,"w":-0.6092871427536011},"size":6.140687465667725,"orthographic":true}