{"cameraMode":{"drawMode":0,"name":"Shaded","section":"Shading Mode"},"sceneLighting":false,"audioPlay":false,"sceneViewState":{"showFog":true,"showMaterialUpdate":true,"showSkybox":true,"showFlares":true,"showImageEffects":true,"showParticleSystems":true},"in2DMode":false,"pivot":{"x":373.92999267578127,"y":65.87677001953125,"z":0.0},"rotation":{"x":-0.06886085867881775,"y":0.04631030932068825,"z":-0.0035922895185649397,"w":-0.9965444207191467},"size":613.4319458007813,"orthographic":true}