{"cameraMode":{"drawMode":0,"name":"Shaded","section":"Shading Mode"},"sceneLighting":false,"audioPlay":false,"sceneViewState":{"showFog":true,"showMaterialUpdate":true,"showSkybox":false,"showFlares":true,"showImageEffects":true,"showParticleSystems":true},"in2DMode":false,"pivot":{"x":1.8974761962890626,"y":8.770160675048829,"z":0.12245750427246094},"rotation":{"x":-0.052271272987127307,"y":-0.45646166801452639,"z":0.026875512674450876,"w":-0.8877996206283569},"size":33.4388313293457,"orthographic":false}