{"cameraMode":{"drawMode":0,"name":"Shaded","section":"Shading Mode"},"sceneLighting":false,"audioPlay":false,"sceneViewState":{"showFog":true,"showMaterialUpdate":true,"showSkybox":false,"showFlares":true,"showImageEffects":true,"showParticleSystems":true},"in2DMode":false,"pivot":{"x":0.0,"y":0.10000000149011612,"z":0.0000011920928955078126},"rotation":{"x":-0.14199772477149964,"y":-0.679602324962616,"z":0.13656684756278993,"w":-0.7066307067871094},"size":9.34085750579834,"orthographic":false}