{"cameraMode":{"drawMode":0,"name":"Shaded","section":"Shading Mode"},"sceneLighting":false,"audioPlay":false,"sceneViewState":{"showFog":true,"showMaterialUpdate":true,"showSkybox":true,"showFlares":true,"showImageEffects":true,"showParticleSystems":true},"in2DMode":false,"pivot":{"x":9.640066146850586,"y":2.8018200397491457,"z":5.978233337402344},"rotation":{"x":-0.6239349246025086,"y":-0.044047217816114429,"z":0.034755878150463107,"w":-0.779459536075592},"size":9.863052368164063,"orthographic":false}