{"cameraMode":{"drawMode":0,"name":"Shaded","section":"Shading Mode"},"sceneLighting":false,"audioPlay":false,"sceneViewState":{"showFog":false,"showMaterialUpdate":false,"showSkybox":false,"showFlares":false,"showImageEffects":false,"showParticleSystems":false},"in2DMode":false,"pivot":{"x":283.0494079589844,"y":336.85015869140627,"z":-29.171051025390626},"rotation":{"x":0.028685355558991433,"y":0.09133008122444153,"z":-0.002631853334605694,"w":0.9954040050506592},"size":487.9163818359375,"orthographic":false}