{"cameraMode":{"drawMode":0,"name":"Shaded","section":"Shading Mode"},"sceneLighting":true,"audioPlay":false,"sceneViewState":{"showFog":true,"showMaterialUpdate":true,"showSkybox":false,"showFlares":true,"showImageEffects":true,"showParticleSystems":true},"in2DMode":false,"pivot":{"x":359.9989318847656,"y":640.0103149414063,"z":-0.04265397787094116},"rotation":{"x":-0.11852064728736878,"y":-0.012514281086623669,"z":0.0014909162418916822,"w":-0.9928715825080872},"size":1495.00341796875,"orthographic":false}