{"cameraMode":{"drawMode":0,"name":"Shaded","section":"Shading Mode"},"sceneLighting":false,"audioPlay":false,"sceneViewState":{"showFog":true,"showMaterialUpdate":true,"showSkybox":true,"showFlares":true,"showImageEffects":true,"showParticleSystems":true},"in2DMode":false,"pivot":{"x":0.160400390625,"y":0.05029296875,"z":-0.263916015625},"rotation":{"x":-0.07870068401098252,"y":-0.7649191617965698,"z":0.09452202171087265,"w":-0.6322740912437439},"size":2.4107179641723635,"orthographic":true}