{"cameraMode":{"drawMode":0,"name":"Shaded","section":"Shading Mode"},"sceneLighting":false,"audioPlay":false,"sceneViewState":{"showFog":true,"showMaterialUpdate":true,"showSkybox":true,"showFlares":true,"showImageEffects":true,"showParticleSystems":true},"in2DMode":false,"pivot":{"x":78.97809600830078,"y":111.48126220703125,"z":-50.78944778442383},"rotation":{"x":-0.06325091421604157,"y":-0.028499264270067216,"z":0.001414431375451386,"w":-0.9975897073745728},"size":504.9092102050781,"orthographic":false}