{"cameraMode":{"drawMode":0,"name":"Shaded","section":"Shading Mode"},"sceneLighting":false,"audioPlay":false,"sceneViewState":{"showFog":false,"showMaterialUpdate":false,"showSkybox":false,"showFlares":false,"showImageEffects":false,"showParticleSystems":false},"in2DMode":false,"pivot":{"x":1.3630893230438233,"y":1.7349281311035157,"z":-0.022432327270507814},"rotation":{"x":-0.7178939580917358,"y":-0.01461469754576683,"z":0.01507803425192833,"w":-0.6958358287811279},"size":11.019497871398926,"orthographic":false}