{"cameraMode":{"drawMode":0,"name":"Shaded","section":"Shading Mode"},"sceneLighting":false,"audioPlay":false,"sceneViewState":{"showFog":true,"showMaterialUpdate":true,"showSkybox":true,"showFlares":true,"showImageEffects":true,"showParticleSystems":true},"in2DMode":false,"pivot":{"x":-0.4185943603515625,"y":4.189453125,"z":-4.6767578125},"rotation":{"x":-0.5187291502952576,"y":-0.0110067343339324,"z":0.00621770741418004,"w":-0.8548451662063599},"size":32.54920196533203,"orthographic":true}