{"cameraMode":{"drawMode":0,"name":"Shaded","section":"Shading Mode"},"sceneLighting":false,"audioPlay":false,"sceneViewState":{"showFog":true,"showMaterialUpdate":true,"showSkybox":true,"showFlares":true,"showImageEffects":true,"showParticleSystems":true},"in2DMode":false,"pivot":{"x":-4.253615379333496,"y":0.0,"z":4.426599025726318},"rotation":{"x":-0.011934176087379456,"y":0.7114611864089966,"z":0.012647991999983788,"w":0.7025102376937866},"size":70.17459106445313,"orthographic":true}