{"cameraMode":{"drawMode":0,"name":"Shaded","section":"Shading Mode"},"sceneLighting":false,"audioPlay":false,"sceneViewState":{"showFog":true,"showMaterialUpdate":true,"showSkybox":false,"showFlares":true,"showImageEffects":true,"showParticleSystems":true},"in2DMode":false,"pivot":{"x":473.123046875,"y":741.6510009765625,"z":15.6175537109375},"rotation":{"x":-0.07224597036838532,"y":0.003587793791666627,"z":-0.00026050544693134725,"w":-0.9973803758621216},"size":1460.2459716796875,"orthographic":false}