{"cameraMode":{"drawMode":0,"name":"Shaded","section":"Shading Mode"},"sceneLighting":false,"audioPlay":false,"sceneViewState":{"showFog":true,"showMaterialUpdate":true,"showSkybox":false,"showFlares":true,"showImageEffects":true,"showParticleSystems":true},"in2DMode":false,"pivot":{"x":0.0,"y":0.10000000149011612,"z":0.0000011920928955078126},"rotation":{"x":-0.6618686318397522,"y":-0.0006764078862033784,"z":0.0005982436123304069,"w":-0.7496193051338196},"size":12.594237327575684,"orthographic":false}