{"cameraMode":{"drawMode":0,"name":"Shaded","section":"Shading Mode"},"sceneLighting":false,"audioPlay":false,"sceneViewState":{"showFog":true,"showMaterialUpdate":true,"showSkybox":true,"showFlares":true,"showImageEffects":true,"showParticleSystems":true},"in2DMode":false,"pivot":{"x":0.0004279613494873047,"y":0.6913971900939941,"z":0.37948179244995119},"rotation":{"x":-0.08760246634483338,"y":-0.881996214389801,"z":0.42605268955230715,"w":-0.18134960532188416},"size":6.473652362823486,"orthographic":false}