{"cameraMode":{"drawMode":0,"name":"Shaded","section":"Shading Mode"},"sceneLighting":false,"audioPlay":false,"sceneViewState":{"showFog":true,"showMaterialUpdate":true,"showSkybox":false,"showFlares":true,"showImageEffects":true,"showParticleSystems":true},"in2DMode":false,"pivot":{"x":1.1473368406295777,"y":1.3775367736816407,"z":7.325789451599121},"rotation":{"x":-0.43567049503326418,"y":0.058524239808321,"z":-0.028399309143424035,"w":-0.8977525234222412},"size":37.532203674316409,"orthographic":false}