{"cameraMode":{"drawMode":0,"name":"Shaded","section":"Shading Mode"},"sceneLighting":false,"audioPlay":false,"sceneViewState":{"showFog":true,"showMaterialUpdate":true,"showSkybox":true,"showFlares":true,"showImageEffects":true,"showParticleSystems":true},"in2DMode":false,"pivot":{"x":0.5175275802612305,"y":5.6999993324279789,"z":0.0},"rotation":{"x":-0.6767499446868897,"y":-0.009568385779857636,"z":0.008261471055448056,"w":-0.7361044883728027},"size":72.43229675292969,"orthographic":true}