{"cameraMode":{"drawMode":0,"name":"Shaded","section":"Shading Mode"},"sceneLighting":false,"audioPlay":false,"sceneViewState":{"showFog":true,"showMaterialUpdate":true,"showSkybox":true,"showFlares":true,"showImageEffects":true,"showParticleSystems":true},"in2DMode":false,"pivot":{"x":0.0029916763305664064,"y":0.0009043216705322266,"z":0.00023066997528076172},"rotation":{"x":-0.08653919398784638,"y":0.8006512522697449,"z":-0.1200171634554863,"w":-0.5805725455284119},"size":4.754658222198486,"orthographic":true}