{"cameraMode":{"drawMode":0,"name":"Shaded","section":"Shading Mode"},"sceneLighting":false,"audioPlay":false,"sceneViewState":{"showFog":false,"showMaterialUpdate":false,"showSkybox":false,"showFlares":false,"showImageEffects":false,"showParticleSystems":false},"in2DMode":false,"pivot":{"x":2.7812511920928957,"y":1.3353198766708375,"z":0.3575817346572876},"rotation":{"x":-0.23654405772686006,"y":-0.4229050576686859,"z":0.11490686982870102,"w":-0.8671762347221375},"size":3.6084818840026857,"orthographic":false}