{"cameraMode":{"drawMode":0,"name":"Shaded","section":"Shading Mode"},"sceneLighting":false,"audioPlay":false,"sceneViewState":{"showFog":true,"showMaterialUpdate":true,"showSkybox":true,"showFlares":true,"showImageEffects":true,"showParticleSystems":true},"in2DMode":false,"pivot":{"x":0.0004279613494873047,"y":0.6913971900939941,"z":0.37948179244995119},"rotation":{"x":-0.21355947852134705,"y":-0.7030512690544128,"z":0.23610636591911317,"w":-0.6358970403671265},"size":5.119968891143799,"orthographic":false}