{"cameraMode":{"drawMode":0,"name":"Shaded","section":"Shading Mode"},"sceneLighting":false,"audioPlay":false,"sceneViewState":{"showFog":true,"showMaterialUpdate":true,"showSkybox":false,"showFlares":true,"showImageEffects":true,"showParticleSystems":true},"in2DMode":false,"pivot":{"x":-1.6288232803344727,"y":20.1734676361084,"z":-3.910567283630371},"rotation":{"x":0.10522759705781937,"y":0.4050438106060028,"z":-0.046991851180791858,"w":0.907005250453949},"size":16.526859283447267,"orthographic":false}