{"cameraMode":{"drawMode":0,"name":"Shaded","section":"Shading Mode"},"sceneLighting":false,"audioPlay":false,"sceneViewState":{"showFog":true,"showMaterialUpdate":true,"showSkybox":true,"showFlares":true,"showImageEffects":true,"showParticleSystems":true},"in2DMode":false,"pivot":{"x":0.5175275802612305,"y":5.6999993324279789,"z":0.0},"rotation":{"x":-0.7079734802246094,"y":0.016215629875659944,"z":-0.016822684556245805,"w":-0.7058523893356323},"size":51.91741180419922,"orthographic":true}