{"cameraMode":{"drawMode":0,"name":"Shaded","section":"Shading Mode"},"sceneLighting":false,"audioPlay":false,"sceneViewState":{"showFog":true,"showMaterialUpdate":true,"showSkybox":false,"showFlares":true,"showImageEffects":true,"showParticleSystems":true},"in2DMode":false,"pivot":{"x":0.0004436969757080078,"y":0.5689301490783691,"z":5.981662750244141},"rotation":{"x":-0.14809347689151765,"y":-0.794812023639679,"z":0.21484966576099397,"w":-0.5478885173797607},"size":5.644106388092041,"orthographic":false}