{"cameraMode":{"drawMode":0,"name":"Shaded","section":"Shading Mode"},"sceneLighting":false,"audioPlay":false,"sceneViewState":{"showFog":true,"showMaterialUpdate":true,"showSkybox":true,"showFlares":true,"showImageEffects":true,"showParticleSystems":true},"in2DMode":false,"pivot":{"x":0.14515948295593263,"y":2.6107177734375,"z":-2.2388916015625},"rotation":{"x":-0.680973470211029,"y":0.003850505920127034,"z":-0.004132433328777552,"w":-0.7322863936424255},"size":24.92711067199707,"orthographic":true}