{"cameraMode":{"drawMode":0,"name":"Shaded","section":"Shading Mode"},"sceneLighting":false,"audioPlay":false,"sceneViewState":{"showFog":false,"showMaterialUpdate":false,"showSkybox":false,"showFlares":false,"showImageEffects":false,"showParticleSystems":false},"in2DMode":false,"pivot":{"x":3.853631019592285,"y":10.230531692504883,"z":-4.882199764251709},"rotation":{"x":-0.0572335310280323,"y":-0.5341027975082398,"z":0.03626914322376251,"w":-0.8426999449729919},"size":40.52197265625,"orthographic":false}