{"cameraMode":{"drawMode":0,"name":"Shaded","section":"Shading Mode"},"sceneLighting":false,"audioPlay":false,"sceneViewState":{"showFog":true,"showMaterialUpdate":true,"showSkybox":true,"showFlares":true,"showImageEffects":true,"showParticleSystems":true},"in2DMode":false,"pivot":{"x":-0.0000027418136596679689,"y":0.565916895866394,"z":0.007950007915496827},"rotation":{"x":-0.12097379565238953,"y":-0.8205474019050598,"z":0.18781886994838715,"w":-0.5261096954345703},"size":3.3720250129699709,"orthographic":true}