{"cameraMode":{"drawMode":0,"name":"Shaded","section":"Shading Mode"},"sceneLighting":true,"audioPlay":false,"sceneViewState":{"showFog":true,"showMaterialUpdate":true,"showSkybox":false,"showFlares":true,"showImageEffects":true,"showParticleSystems":true},"in2DMode":false,"pivot":{"x":-0.13844680786132813,"y":-0.15134048461914063,"z":-0.09522819519042969},"rotation":{"x":-0.2762658894062042,"y":-0.2618604004383087,"z":0.07851557433605194,"w":-0.9213802814483643},"size":47.88862991333008,"orthographic":false}