{"cameraMode":{"drawMode":0,"name":"Shaded","section":"Shading Mode"},"sceneLighting":false,"audioPlay":false,"sceneViewState":{"showFog":true,"showMaterialUpdate":true,"showSkybox":true,"showFlares":true,"showImageEffects":true,"showParticleSystems":true},"in2DMode":false,"pivot":{"x":0.24297882616519929,"y":0.4920889139175415,"z":-0.3041951060295105},"rotation":{"x":0.0009686723351478577,"y":-0.9952569603919983,"z":0.09615487605333328,"w":0.014730656519532204},"size":2.4912025928497316,"orthographic":true}