{"cameraMode":{"drawMode":0,"name":"Shaded","section":"Shading Mode"},"sceneLighting":false,"audioPlay":false,"sceneViewState":{"showFog":true,"showMaterialUpdate":true,"showSkybox":true,"showFlares":true,"showImageEffects":true,"showParticleSystems":true},"in2DMode":false,"pivot":{"x":0.5175275802612305,"y":5.6999993324279789,"z":0.0},"rotation":{"x":-0.6767498850822449,"y":-0.009568384848535061,"z":0.00826147012412548,"w":-0.736104428768158},"size":72.43229675292969,"orthographic":true}