{"cameraMode":{"drawMode":0,"name":"Shaded","section":"Shading Mode"},"sceneLighting":false,"audioPlay":false,"sceneViewState":{"showFog":true,"showMaterialUpdate":true,"showSkybox":true,"showFlares":true,"showImageEffects":true,"showParticleSystems":true},"in2DMode":false,"pivot":{"x":0.0,"y":0.5497790575027466,"z":1.1920928955078126e-7},"rotation":{"x":0.2243409901857376,"y":-0.3437267243862152,"z":0.08538277447223664,"w":0.9078727960586548},"size":1.117742896080017,"orthographic":true}