{"cameraMode":{"drawMode":0,"name":"Shaded","section":"Shading Mode"},"sceneLighting":false,"audioPlay":false,"sceneViewState":{"showFog":true,"showMaterialUpdate":true,"showSkybox":false,"showFlares":true,"showImageEffects":true,"showParticleSystems":true},"in2DMode":false,"pivot":{"x":-0.6999987959861755,"y":12.123827934265137,"z":-3.0907297134399416},"rotation":{"x":0.6350588202476502,"y":0.032410841435194018,"z":-0.026685064658522607,"w":0.7713220715522766},"size":10.98249626159668,"orthographic":false}