{"cameraMode":{"drawMode":0,"name":"Shaded","section":"Shading Mode"},"sceneLighting":false,"audioPlay":false,"sceneViewState":{"showFog":true,"showMaterialUpdate":true,"showSkybox":true,"showFlares":true,"showImageEffects":true,"showParticleSystems":true},"in2DMode":false,"pivot":{"x":0.17634861171245576,"y":0.5612973570823669,"z":-0.3126490116119385},"rotation":{"x":0.04005656763911247,"y":-0.8459447622299194,"z":0.06509784609079361,"w":0.5277644395828247},"size":1.5580930709838868,"orthographic":true}