{"cameraMode":{"drawMode":0,"name":"Shaded","section":"Shading Mode"},"sceneLighting":false,"audioPlay":false,"sceneViewState":{"showFog":true,"showMaterialUpdate":true,"showSkybox":true,"showFlares":true,"showImageEffects":true,"showParticleSystems":true},"in2DMode":false,"pivot":{"x":0.07920265197753906,"y":0.5714398622512817,"z":0.3381657600402832},"rotation":{"x":-0.1272927224636078,"y":-0.8327087759971619,"z":0.21440035104751588,"w":-0.49439379572868349},"size":5.4755024909973148,"orthographic":false}