{"cameraMode":{"drawMode":0,"name":"Shaded","section":"Shading Mode"},"sceneLighting":false,"audioPlay":false,"sceneViewState":{"showFog":true,"showMaterialUpdate":true,"showSkybox":true,"showFlares":true,"showImageEffects":true,"showParticleSystems":true},"in2DMode":false,"pivot":{"x":311.6352844238281,"y":464.5671081542969,"z":-14.35601806640625},"rotation":{"x":-0.04499419406056404,"y":-0.009044269099831581,"z":0.000014774003830098081,"w":-0.9989463090896606},"size":1551.076416015625,"orthographic":false}