{"cameraMode":{"drawMode":0,"name":"Shaded","section":"Shading Mode"},"sceneLighting":false,"audioPlay":false,"sceneViewState":{"showFog":true,"showMaterialUpdate":true,"showSkybox":true,"showFlares":true,"showImageEffects":true,"showParticleSystems":true},"in2DMode":false,"pivot":{"x":-0.000010013580322265625,"y":2.889986753463745,"z":-0.000031828880310058594},"rotation":{"x":-0.5476583242416382,"y":-0.01056763343513012,"z":0.0064344885759055618,"w":-0.8366106152534485},"size":6.431232929229736,"orthographic":true}