{"cameraMode":{"drawMode":0,"name":"Shaded","section":"Shading Mode"},"sceneLighting":false,"audioPlay":false,"sceneViewState":{"showFog":true,"showMaterialUpdate":true,"showSkybox":true,"showFlares":true,"showImageEffects":true,"showParticleSystems":true},"in2DMode":false,"pivot":{"x":0.00011549890041351318,"y":0.5914192199707031,"z":-0.10228085517883301},"rotation":{"x":0.007252667564898729,"y":-0.9898779392242432,"z":0.12874391674995423,"w":0.059280090034008029},"size":3.561171531677246,"orthographic":true}