{"cameraMode":{"drawMode":0,"name":"Shaded","section":"Shading Mode"},"sceneLighting":false,"audioPlay":false,"sceneViewState":{"showFog":true,"showMaterialUpdate":true,"showSkybox":true,"showFlares":true,"showImageEffects":true,"showParticleSystems":true},"in2DMode":false,"pivot":{"x":1.690000057220459,"y":1.4850000143051148,"z":6.258487701416016e-7},"rotation":{"x":-0.2353767305612564,"y":-0.0021685513202100994,"z":0.00012206042447360232,"w":-0.9719018340110779},"size":2.3352153301239015,"orthographic":false}