{"cameraMode":{"drawMode":0,"name":"Shaded","section":"Shading Mode"},"sceneLighting":false,"audioPlay":false,"sceneViewState":{"showFog":true,"showMaterialUpdate":true,"showSkybox":true,"showFlares":true,"showImageEffects":true,"showParticleSystems":true},"in2DMode":false,"pivot":{"x":-0.0008893840713426471,"y":0.583359956741333,"z":0.07760807126760483},"rotation":{"x":-0.25103503465652468,"y":0.2266533374786377,"z":-0.061018601059913638,"w":-0.9390881061553955},"size":1.7793080806732178,"orthographic":true}