{"cameraMode":{"drawMode":0,"name":"Shaded","section":"Shading Mode"},"sceneLighting":false,"audioPlay":false,"sceneViewState":{"showFog":true,"showMaterialUpdate":true,"showSkybox":false,"showFlares":true,"showImageEffects":true,"showParticleSystems":true},"in2DMode":false,"pivot":{"x":-0.10186260938644409,"y":0.06007659435272217,"z":-0.39867448806762698},"rotation":{"x":0.41058021783828738,"y":-0.02843087911605835,"z":0.012812434695661068,"w":0.9112910628318787},"size":2.195815086364746,"orthographic":false}