{"cameraMode":{"drawMode":0,"name":"Shaded","section":"Shading Mode"},"sceneLighting":false,"audioPlay":false,"sceneViewState":{"showFog":true,"showMaterialUpdate":true,"showSkybox":true,"showFlares":true,"showImageEffects":true,"showParticleSystems":true},"in2DMode":false,"pivot":{"x":-1.1920928955078126e-7,"y":0.014428675174713135,"z":-5.960464477539063e-8},"rotation":{"x":0.13884642720222474,"y":0.6940984129905701,"z":-0.13852089643478394,"w":0.6926478147506714},"size":5.81904411315918,"orthographic":true}