{"cameraMode":{"drawMode":0,"name":"Shaded","section":"Shading Mode"},"sceneLighting":false,"audioPlay":false,"sceneViewState":{"showFog":true,"showMaterialUpdate":true,"showSkybox":true,"showFlares":true,"showImageEffects":true,"showParticleSystems":true},"in2DMode":false,"pivot":{"x":2.7537217140197756,"y":-0.37277138233184817,"z":2.271496534347534},"rotation":{"x":-0.5069011449813843,"y":-0.008278217166662217,"z":0.004399551078677177,"w":-0.8619532585144043},"size":8.173317909240723,"orthographic":true}