{"cameraMode":{"drawMode":0,"name":"Shaded","section":"Shading Mode"},"sceneLighting":false,"audioPlay":false,"sceneViewState":{"showFog":false,"showMaterialUpdate":false,"showSkybox":false,"showFlares":false,"showImageEffects":false,"showParticleSystems":false},"in2DMode":false,"pivot":{"x":-1.37419593334198,"y":-1.0619468688964844,"z":-4.840017318725586},"rotation":{"x":-0.5294350981712341,"y":-0.06552227586507797,"z":0.041061658412218097,"w":-0.8448190689086914},"size":33.62212371826172,"orthographic":false}