{"cameraMode":{"drawMode":0,"name":"Shaded","section":"Shading Mode"},"sceneLighting":false,"audioPlay":false,"sceneViewState":{"showFog":true,"showMaterialUpdate":true,"showSkybox":true,"showFlares":true,"showImageEffects":true,"showParticleSystems":true},"in2DMode":false,"pivot":{"x":-0.4185943603515625,"y":4.189453125,"z":-4.6767578125},"rotation":{"x":0.5710521936416626,"y":0.025856662541627885,"z":-0.017518742009997369,"w":0.820319414138794},"size":32.54920196533203,"orthographic":true}