{"cameraMode":{"drawMode":0,"name":"Shaded","section":"Shading Mode"},"sceneLighting":false,"audioPlay":false,"sceneViewState":{"showFog":true,"showMaterialUpdate":true,"showSkybox":true,"showFlares":true,"showImageEffects":true,"showParticleSystems":true},"in2DMode":false,"pivot":{"x":0.003960609436035156,"y":0.9569512009620667,"z":0.40869712829589846},"rotation":{"x":0.6199648380279541,"y":-0.37758058309555056,"z":-0.5171130299568176,"w":-0.45350930094718935},"size":5.102652549743652,"orthographic":true}