{"cameraMode":{"drawMode":0,"name":"Shaded","section":"Shading Mode"},"sceneLighting":true,"audioPlay":false,"sceneViewState":{"showFog":true,"showMaterialUpdate":true,"showSkybox":true,"showFlares":true,"showImageEffects":true,"showParticleSystems":true},"in2DMode":false,"pivot":{"x":1.8232102394104005,"y":1.55999755859375,"z":-0.09186124801635742},"rotation":{"x":-0.40348875522613528,"y":-0.2749267518520355,"z":0.12804746627807618,"w":-0.8632588982582092},"size":12.845990180969239,"orthographic":false}