{"cameraMode":{"drawMode":0,"name":"Shaded","section":"Shading Mode"},"sceneLighting":false,"audioPlay":false,"sceneViewState":{"showFog":false,"showMaterialUpdate":false,"showSkybox":false,"showFlares":false,"showImageEffects":false,"showParticleSystems":false},"in2DMode":false,"pivot":{"x":0.00023090839385986328,"y":0.5553526282310486,"z":5.802773475646973},"rotation":{"x":0.12028414011001587,"y":-0.8240457773208618,"z":0.19172079861164094,"w":0.5193490386009216},"size":6.581298828125,"orthographic":true}