{"cameraMode":{"drawMode":0,"name":"Shaded","section":"Shading Mode"},"sceneLighting":false,"audioPlay":false,"sceneViewState":{"showFog":true,"showMaterialUpdate":true,"showSkybox":false,"showFlares":true,"showImageEffects":true,"showParticleSystems":true},"in2DMode":false,"pivot":{"x":-0.3528172969818115,"y":-7.709075927734375,"z":-4.505167007446289},"rotation":{"x":-0.43567049503326418,"y":0.058524239808321,"z":-0.028399309143424035,"w":-0.8977525234222412},"size":38.90442657470703,"orthographic":false}