{"cameraMode":{"drawMode":0,"name":"Shaded","section":"Shading Mode"},"sceneLighting":false,"audioPlay":false,"sceneViewState":{"showFog":true,"showMaterialUpdate":true,"showSkybox":true,"showFlares":true,"showImageEffects":true,"showParticleSystems":true},"in2DMode":false,"pivot":{"x":-0.0008893840713426471,"y":0.583359956741333,"z":0.07760807126760483},"rotation":{"x":-0.04410228878259659,"y":-0.9308987259864807,"z":0.11863613873720169,"w":-0.3426487147808075},"size":1.7793080806732178,"orthographic":true}