{"cameraMode":{"drawMode":0,"name":"Shaded","section":"Shading Mode"},"sceneLighting":false,"audioPlay":false,"sceneViewState":{"showFog":true,"showMaterialUpdate":true,"showSkybox":false,"showFlares":true,"showImageEffects":true,"showParticleSystems":true},"in2DMode":false,"pivot":{"x":1.0878863334655762,"y":4.272809982299805,"z":7.3459014892578129},"rotation":{"x":-0.0632239431142807,"y":-0.03682054951786995,"z":0.0023345674853771927,"w":-0.9973171949386597},"size":50.821502685546878,"orthographic":false}