{"cameraMode":{"drawMode":0,"name":"Shaded","section":"Shading Mode"},"sceneLighting":false,"audioPlay":false,"sceneViewState":{"showFog":false,"showMaterialUpdate":false,"showSkybox":false,"showFlares":false,"showImageEffects":false,"showParticleSystems":false},"in2DMode":false,"pivot":{"x":-0.6999999284744263,"y":13.155954360961914,"z":-6.469470977783203},"rotation":{"x":-0.0572335310280323,"y":-0.5341027975082398,"z":0.03626914322376251,"w":-0.8426999449729919},"size":9.57039737701416,"orthographic":false}