{"cameraMode":{"drawMode":0,"name":"Shaded","section":"Shading Mode"},"sceneLighting":false,"audioPlay":false,"sceneViewState":{"showFog":true,"showMaterialUpdate":true,"showSkybox":true,"showFlares":true,"showImageEffects":true,"showParticleSystems":true},"in2DMode":false,"pivot":{"x":-7.450580596923828e-9,"y":0.570000171661377,"z":-0.0020042136311531069},"rotation":{"x":-0.12907546758651734,"y":-0.7011845707893372,"z":0.13079139590263368,"w":-0.6888928413391113},"size":3.9491164684295656,"orthographic":true}