{"cameraMode":{"drawMode":0,"name":"Shaded","section":"Shading Mode"},"sceneLighting":false,"audioPlay":false,"sceneViewState":{"showFog":true,"showMaterialUpdate":true,"showSkybox":false,"showFlares":true,"showImageEffects":true,"showParticleSystems":true},"in2DMode":false,"pivot":{"x":1.9555110931396485,"y":4.3374786376953129,"z":3.4425621032714845},"rotation":{"x":-0.06930967420339585,"y":-0.5196025371551514,"z":0.04234208166599274,"w":-0.850538969039917},"size":30.04414939880371,"orthographic":false}