{"cameraMode":{"drawMode":0,"name":"Shaded","section":"Shading Mode"},"sceneLighting":true,"audioPlay":false,"sceneViewState":{"showFog":true,"showMaterialUpdate":true,"showSkybox":true,"showFlares":true,"showImageEffects":true,"showParticleSystems":true},"in2DMode":false,"pivot":{"x":2.272517204284668,"y":1.0814368724822999,"z":0.27332043647766116},"rotation":{"x":-0.40518060326576235,"y":-0.263248085975647,"z":0.1225888729095459,"w":-0.8668916821479797},"size":4.059312343597412,"orthographic":false}