{"cameraMode":{"drawMode":0,"name":"Shaded","section":"Shading Mode"},"sceneLighting":false,"audioPlay":false,"sceneViewState":{"showFog":true,"showMaterialUpdate":true,"showSkybox":false,"showFlares":true,"showImageEffects":true,"showParticleSystems":true},"in2DMode":false,"pivot":{"x":1.341178297996521,"y":1.1155920028686524,"z":0.6231487989425659},"rotation":{"x":0.4692264497280121,"y":0.4737735986709595,"z":-0.3336082398891449,"w":0.6663863658905029},"size":5.640844821929932,"orthographic":false}