{"cameraMode":{"drawMode":0,"name":"Shaded","section":"Shading Mode"},"sceneLighting":false,"audioPlay":false,"sceneViewState":{"showFog":true,"showMaterialUpdate":true,"showSkybox":true,"showFlares":true,"showImageEffects":true,"showParticleSystems":true},"in2DMode":false,"pivot":{"x":-0.0000054836273193359379,"y":0.5618336200714111,"z":0.015900015830993654},"rotation":{"x":0.01437949575483799,"y":-0.9732841849327087,"z":0.06590792536735535,"w":0.21947059035301209},"size":6.1757283210754398,"orthographic":true}