{"cameraMode":{"drawMode":0,"name":"Shaded","section":"Shading Mode"},"sceneLighting":false,"audioPlay":false,"sceneViewState":{"showFog":true,"showMaterialUpdate":true,"showSkybox":false,"showFlares":true,"showImageEffects":true,"showParticleSystems":true},"in2DMode":false,"pivot":{"x":-0.2944127321243286,"y":-0.29220592975616457,"z":0.0},"rotation":{"x":0.1403631716966629,"y":-0.20595446228981019,"z":0.029854709282517434,"w":0.967982292175293},"size":4.288123607635498,"orthographic":false}