{"cameraMode":{"drawMode":0,"name":"Shaded","section":"Shading Mode"},"sceneLighting":false,"audioPlay":false,"sceneViewState":{"showFog":true,"showMaterialUpdate":true,"showSkybox":false,"showFlares":true,"showImageEffects":true,"showParticleSystems":true},"in2DMode":false,"pivot":{"x":16.703121185302736,"y":1.53948974609375,"z":16.235061645507814},"rotation":{"x":-0.6168713569641113,"y":0.008733046241104603,"z":-0.006845297757536173,"w":-0.7869858741760254},"size":72.22776794433594,"orthographic":false}