{"cameraMode":{"drawMode":0,"name":"Shaded","section":"Shading Mode"},"sceneLighting":false,"audioPlay":false,"sceneViewState":{"showFog":true,"showMaterialUpdate":true,"showSkybox":true,"showFlares":true,"showImageEffects":true,"showParticleSystems":true},"in2DMode":false,"pivot":{"x":424.64495849609377,"y":684.8926391601563,"z":20.3543701171875},"rotation":{"x":-0.04049660637974739,"y":-0.000051748047553701326,"z":-0.0003904057084582746,"w":-0.9991796016693115},"size":1254.4163818359375,"orthographic":false}