{"cameraMode":{"drawMode":0,"name":"Shaded","section":"Shading Mode"},"sceneLighting":false,"audioPlay":false,"sceneViewState":{"showFog":true,"showMaterialUpdate":true,"showSkybox":true,"showFlares":true,"showImageEffects":true,"showParticleSystems":true},"in2DMode":false,"pivot":{"x":-0.0000027418136596679689,"y":0.565916895866394,"z":0.007950007915496827},"rotation":{"x":-0.12716376781463624,"y":-0.30290913581848147,"z":0.040341492742300037,"w":-0.9436355829238892},"size":3.0878641605377199,"orthographic":true}