{"cameraMode":{"drawMode":0,"name":"Shaded","section":"Shading Mode"},"sceneLighting":false,"audioPlay":false,"sceneViewState":{"showFog":true,"showMaterialUpdate":true,"showSkybox":true,"showFlares":true,"showImageEffects":true,"showParticleSystems":true},"in2DMode":false,"pivot":{"x":0.31640625,"y":-0.3824462890625,"z":-0.20947265625},"rotation":{"x":-0.0056646657176315788,"y":0.9180132746696472,"z":-0.01422746293246746,"w":-0.3962540328502655},"size":4.018970489501953,"orthographic":true}