{"cameraMode":{"drawMode":0,"name":"Shaded","section":"Shading Mode"},"sceneLighting":false,"audioPlay":false,"sceneViewState":{"showFog":true,"showMaterialUpdate":true,"showSkybox":true,"showFlares":true,"showImageEffects":true,"showParticleSystems":true},"in2DMode":false,"pivot":{"x":0.0004279613494873047,"y":0.6913971900939941,"z":0.37948179244995119},"rotation":{"x":-0.13018611073493958,"y":-0.8647398352622986,"z":0.28896668553352358,"w":-0.3895830810070038},"size":5.500917434692383,"orthographic":false}