{"cameraMode":{"drawMode":0,"name":"Shaded","section":"Shading Mode"},"sceneLighting":false,"audioPlay":false,"sceneViewState":{"showFog":true,"showMaterialUpdate":true,"showSkybox":true,"showFlares":true,"showImageEffects":true,"showParticleSystems":true},"in2DMode":false,"pivot":{"x":-0.8000006675720215,"y":0.0,"z":-0.8000030517578125},"rotation":{"x":-0.5533791780471802,"y":-0.014487229287624359,"z":0.009157221764326096,"w":-0.8327531218528748},"size":819.267822265625,"orthographic":false}