{"cameraMode":{"drawMode":0,"name":"Shaded","section":"Shading Mode"},"sceneLighting":false,"audioPlay":false,"sceneViewState":{"showFog":true,"showMaterialUpdate":true,"showSkybox":false,"showFlares":true,"showImageEffects":true,"showParticleSystems":true},"in2DMode":false,"pivot":{"x":47.311248779296878,"y":4.538164138793945,"z":3.924938201904297},"rotation":{"x":-0.2115270048379898,"y":-0.12074557691812515,"z":0.02634410932660103,"w":-0.9695271253585815},"size":38.91093063354492,"orthographic":false}